old_commit	new_commit
00c93ea4418c93c66b3e89deea253c6e5f95bda3	5e4784ebfe2d53c2359e8e090852ee26d120bb1b
03b832c729e675bcc5476c68366dc816623311f6	d1736044687a36db0c971f7f2a5606b787d01d7f
063fb888d210541e758b6acebbd9c9cea004f3bc	27820cf8615d2e9baaa0aeea5b74d2fc1e5c8524
06bec04364385b3e7898b514468bddac9249fbad	406bfeac5c6d0e21991b832182450ef90ce13296
0ae997850cc1336e928c65dbf6e9f85ed6499480	d70ff9933a9291ab1ec5f86f440a7ae527411b3b
12a39ae9ea359d95bbba0f8b64e1f5950b2f0dcd	9ea0bc5e678fe6965f4b155f1d33a5d4e6ebd418
13ef2762d380823f8981856de08b800823067ea3	51279c9dbfd6973534f9ed5cd610bccc9f5f80c9
16e7c77c9ef2a710d8fdc85ce5f6ab06bd00cda0	2af52dffd2a5a7c973fde1110e4b01fc9a053ed1
1b121c88521fed275c027b99b1263f9b91b77e96	d125a994b3df3800ce632e660c2d045948bbe879
1b850c2cc9274aa09f843a69032f74a57a4c02bf	160233e4d82c842e93a1dd541d4addafcdc1cc13
1c2e6e95fbd4aaa01d205d55757bd04d4f2d3520	a03c8e56dbfff446892206c978d46bec7ce624c0
1d402c291aab8b17efeeb573641b3428ecc5f349	f2ce4d4374267aa8abd9b30fc0b66a38c0c3bf05
1d48203480df19be5fdc9bc5147ef1386e8c1531	44225e178b879dd5c1233422b2398030a794dd2b
1dc1dbd583a2b8e9980af0b817e225c4e238493f	3d790a25ef61de244d4905f0ea2112ba4518a944
1e9984e05665db960268b44635453e5e7d7b393c	26715ba7e834d8d4b451a9af5044e17694099a14
1fe1a56d1bd80d1131270ed500b36a08bbe50afc	38057bb59ae580c5ef6ddef61fecd4859d026885
258a2aade02f12b57d6068319a75de003468ef66	58bd1f25ea29aaaa706cb46abcbd8e688ae4e0ef
26242a6fb07992b0dbfc1735e09df1e476bf4553	8034a759bd8e56d2f434d66ec62e1023733dc4a8
2e6aeb34e89a0a23ab4ca3c09863088ec8d6a244	a725d88ea4f2bfd7e09a6f38f83ddfec98e5c4d0
327fa7256651b9a399f2072cbbc08d3392b91988	6604a997a50d7a2f1df54e6c83679c3b0f49d381
32fad0e048e07bbc55520806e73a765e81520376	929680117ce3c0bf1d1d0543111f31b5eb7c4143
33eea78f2ac9fa946e1ac5dfb97306d67616e19d	d807770725c0bf89729c20cf7ec579b83500e272
350a217b811cb3cf8d60e41c82adcb4459c79bae	5a4c6cc7229cfff245941ad44046f9ad4d1a50ac
35d6916a86f07d37b6041674772559abb3134d60	0e27f528bb8612f2f4fdc39c189420132b9145d4
392563722d29d1a782cb463aae206e1c6a96e39f	2dc3b55b8296f9d73c08ebb18ef66630e90a606f
3939c7433dc7c7797a985ffd3ab4d66f5a42cbe6	cf1f6e6ceeee840b81930c85ee6b0f88a3364f0d
3cd7199837b8a00101001e427b2948f72e6bfcc9	c9a0351a8463dd30194f865bf9c9a909265db717
3d31ebaac8fda6328b4127ea9b3f2d02f06b2ec1	0f6a8ec0124e19b5c2f675ad1478e533beb9b566
3fa93e14891ce7b2f2515450b9d08746848e0fff	216bc93fa6f66803800a9dc45caaa18930038d3d
3fbf3f3d3b735aa36ba9a1c4a8a91e2584978a3e	6588ebb5bdf88cd88ef8f96298b25f4f2125275b
4295ef03bc5c79d9959753dccc0dd8589d0d4376	3081445cca7d9d8c04c04fde7f8f01fad2f34b70
43c1cffce7a34f52b3eeee28344424734361615b	1831d1c7a5779454b3cdc2085ace870a8befc467
45003dc89db6ba61c8f698645d9047fbae480678	092e03216692235ac5af2b1d37bbc7fb294721bd
452286aac737be6fac2d57039180658926028991	9955b53af8891fd8416cb15e1e8fc23077cc11d2
45c72cceac8be569ea92cb7f9c76108c11d2e1f5	db9b5958affd0c63a0e8b9d7b68f11b6a0d35f4a
4619d60c76ff086fd275fa6afeb81a64377f9a55	ef1bdf8fd4a272b1a2f753365f6562ce2d71c731
47387bce00418a9346efd2da1f86a527b64b6f96	c532192b7faf6f45b736733c14e8966c71dee0d8
4a1317a080224c51c6ebc5be1df2efc5e268aada	e407a440daa2a21472adbde6d84cc29ab4029ba9
4d37e14a49a2b6fa9676d20f08ea9e419fa501e4	01dbfbbb456ed4782331a07ba3d06a0cfe5f6d1f
4f8647d59f2d5122c174c452e947b88285db9ade	ef88e4d5e7fabe53681141f60f3fb586adc6df5e
527e9763e3d68fee1ebaaf6df8c3247d2dfb069b	140b914d8388c003c6c2797025b37ba25bd1b089
52d11a93b5fc6f41e43f1de730fa1d6c486c292c	aff550a76102125b8df978f5799c4cff5edd128b
537ce12479d3b393911dc6fb89493f578f1603e0	0ee448664df1f53e192b5cb4a244f423dd177e68
566d2496feeb3011b2826c4bd58dafdeb8bcf7d9	c0dc9697e449f5539271a3d12b9f6b8403ab47a7
57fd6ea343ff0140d8bd3767640028f7b46563a6	8bae6f939192e545c0f1c153989248e1b07bea8b
5d61695720fce558a4ea8264d08be75c34bd53e5	835589f23bcec3a3f658faf746a8e74a4d4473f4
5ea48537e68db4945ae320605a00ae92da333386	4a66ad81c8c2721737b100c5e6cdb9be5dd654d3
5efc96406e27662b6f7f99891f089bfc44e32c5b	89ed86b6e4dfdbd1c721fe6eb3112be56bfdd0cb
62d1660116cf49a59bde7c665e17e51f8dcfb08a	d2177e3a3b57b9454753ab21fd54f6cc07fc9cb7
631f904e2bf49866c7dcb2b6e0add81ac837b38b	0da22ba5e3fd3493d8ba52dd0cdf5c6c4790b4a9
665ba45d6b14a6ddbcb311e028f1324d6c4824f5	6dbd8c742ee68e1841210f47975332b7ccb3824b
67ac3432766191feb4c2dbe5742b1099cb2fa9f2	431b7cb39e2734d94d83f31aa93ec2875846771b
67da6ea639461334732bc6e545ad0633a4b95cc7	bc60d4c72f61974c671bb88a9d8649480ab32afc
68f0c7d571f1da2580b8782136229e43edabbe73	6fe1bd263dfe23ac0d7a4725ca52515a64592c77
6bff40d7e50815dba90d55c8853896b6eb9d706a	ccb70b847bd6340757010f25065dc635ece5186a
6c90f2c3be19b01f9065493a5033486ca540b763	5a556a211df373dcc0b4d52ea9e61d9c47ebfad3
6cd2a994c1754fa88493b6ed1d0db11bc40f68e2	91670af247cc5c0ad4d0456b6a1f9590fb9427cb
7365cfd575d9d83a87bbbe821f74953103b58552	461209d413de13dbbc8808146070c533b00d5052
7571f89ae1f62e28da985dcbb0d0e9de3ecb0a72	013d5974d5baa281ab87b4a9c2761452e8b482f3
75ee8524397a307bb1ac197c90998ac5b29a5bab	3a7e957a40fc749200c8c77eff8d000b4d07df4c
763c3bf7818bb564c261c9acd2203ac6ec0a6a96	b25ad82eb911a43ab56dc442dd30f426aad7e73e
7b378d855c78c80ed9c04caa370f65b44f975ac5	1dd7f03bb610e07c8c99306f8f767f28ec6c7b05
7c254810c90a28d44aa4a5c08468e90bea7b8351	03475b22ecb5578c05903f8cf01f233d0cda695c
7cdc2a83d3e25f17ede0dc8ee70060a6153531a1	8cc7ebeeda27ffbc3dddfe6bee885664e4a09387
7f66173edf5b4d5ee4c133526e9f9a3b5dd75483	964cc429b9ef26ba2ef07f4a294a0e88a2c71475
80ac63b91f326439f4854e0e781068b765a64d7b	7c1f5359485267ef2e064390c6abe2791776995d
85703fafd8861e91e757e7c53ab55037a2a6f311	25b1f4488e386c25c2145a1d10df65a2bbc0b259
85cbc07266a087e0c7e1a236d42e54a840ae9dd3	b1b845fc57ab69d586c7c9a5731627e10f7b5377
863216467c4b84b19c966c601e23d9d0a1699a4f	c46f2407e1d4ce256adc71c38e9cd8fe68330027
86a7a757daf3605f0480fe3836f0d7e603fb2dba	58e21c40db2a25265bb14f4128236c764c1ae391
891215e50e6ca2ae37323f97fc63944c4c44357b	48f8b0ab04c071899586a13d3379635f21e5d8ba
89bbb82b715ad1561c80518278da1776c69d0c7d	05e85bb303ff31f44c740a572d233de09473580f
8a19d3446584a804e87c61eefab1a668b9738001	b89c8125190b677ec6d753bd56cbd5efdd59dc37
8be7fed72ddd6c2ea34dfa3551818491e8aba59c	ba5f19f081bff06b7b95694583866b313740e46c
8ef8f7e4eb9cb3d607235079c7cf9a10d491f649	1efda52e8a0beeaf70bf1e86b1d5c167acb6f4ea
908f065c46d233418a384b72a56cb7c838863e17	a103e22469c424539bfec30d390d7bc2e9b7a739
92ab034ac62533d79a5b629df3095544f1b99e8f	f3cb71b0a36cf1394ffafbeb8ed6d62da5518d70
974ee5c0d3f59330a0afafa8259f800d499d92ab	97210d8b1c425e66786a389b15f67eaf612e428f
977865008ac90279b8b8763386da2bd9d05d7ae2	15b3bf0ceb0c00825a9b9b1bcf2e5cab6d9ba56c
97b51add3b355d656c901388d6d5bf2c2ccd1c4f	904df374f7562c53f4849bf68c89556c441bf527
97ffc1f26febf62be0ceb31426f0005fac9fc35a	1c13b22218c05163ba22d0335d2ac3dfa53d0226
98b42189a3ed053b1a1646d2708c5eb21abb9fd9	3c9219bf69d45817fc9131483f48f51a28936462
9c688dda2288bbc66041fe8a0d3efd2641aa1c92	516e2a15650c1461e8ee28d97e3571b150fe675c
9d608135914ebdd1b3839e7bc83df0b569375255	e0a077a862f2eb1890f50cfd2a5cfd05707e546d
a018b416b45022ce3f08fa124aa84891a9454af4	25fac0aa004002c248bfd3c81fec9b90a680185a
a1ac8668a438c53d7eb42124d434566a2be29e8c	242b3f7ad922432e6278d0689fb711d8b32ab8cf
a2a95f098fd7af301b9ae1e36dfde2d19ba2945a	c822a3994cfaa77c9322a6c3851d462df329246e
a3c0e31945e279150f994a32e4e29361d3f04210	dd90a1b51f8c24722ac092f298c1683f003cf3ea
a41f58320deb595c9a71b0b99268950f20fb9d74	0a1313cb71a75d943f7940041363706e4524e51f
a4ec79730ffe8c9d4d0ea11bcedb93d6a5524d78	ed41a2d52461f956bd995d95f1a8c95de7ec761f
a5023b8efd53c84d0f1158d0fe82245f6ba38e0c	3a88a506c44838e74f4f48103425ee537f88e020
a8d9ff788be65ace7794a585e38b00aba0828332	c73ba8a562ea417247162dd9b497d2b8244d0305
acf058b65f00a7473f07fca3e570f56e1c052cc5	84dea39342599fb657c0fc9a3ebdf5124ac205e1
ad3460f6d59a738751d6038729b68d5b0d380832	07c6a8e7278f9e0cb4219f95c5fa617b78f94654
ae8c8d90c78ec0955b150d173627ce3c2718aa76	932a311dfa6357d70886f00236dd4756a65fb05e
aee4183d656d09e21a3a6b5a4d7e293c47b467ec	bd702cd41f0693659a7af8d89b395edf730dd272
aee7957cdc2c0b224e74ba9657756e11d2186ab1	cd5a215319dbf97ada4aa5fecc96572bddb1a24e
b55dae22337178a2365e9b8b2ff42c7753d8cfd8	0d7e4351d3a39b9d49223e8f76b3eab8607e7172
b6993291e69622f50df089a0736464ba7d66cbaa	06db7de1c225ac55c3595e127043f57507156c83
b83aedddaed4727bb6e509971ce37ecf7b048158	8daf05f86df08de1cb95a2d507c41a57dcd6e522
bb9274a7af9eada2669606e26fe2d0c3ceea60c4	ffd4672aac1c1fb6fb9878a464238f55685fa59b
bd0af4b9a61ed722570d706dcfb2828c7fd674f0	91f355f3485ea4628abc12baef152a0a834e3ea6
c12d89f0faac3f151714a08c57b80fc0262522c9	93521ff0042341476710d4825e8c59a70e62cfb4
c22432c0cd949bf3acfd7ebc2d74aefed84f052d	64ad3b079d6b9e62161c968aa595ffecee143c43
c245e79a80e20720a7a01f3f51e3a23d76e61901	f2d57c64edfa1bbabd8646d0696981aca82e7512
c4c9790b3fba2a39e31adaa3bdcf1632aa78f4b3	02e192e60577a91eda6bab24c8be4cb118f0b3af
c51cc748d09849cf9a85406e2027a5f5e6d76a28	9f267977fa7e2c4aebc50079cc7b7d3d97d06ccc
c51fe91d061718de2c88666138709b58caf32a35	9b9cfd3e5bde20d5f5346f1607b5080082f1d638
c5561f778d5796a3569096df3320abf8f1e10fe0	09512df7f9b9c78fd0e99dcc3607a939b99973e4
c6a2f02392892c6a4c6564b71c40aa0261dba973	a77b16cf35dc64cd2e5936911168100d132b0c41
c7ce1bc390cdc7d5aba138b3ad2c0aec6c11cb79	0addd8d5f7b02a6f69822fe5e11b45b307a662ac
cad15055094a861ab2885ecee668c0f432b7be69	a722dde52d270bf6cbefd0c6f008dd30d56e66de
cb714221db465181f9759655f1bbed7292566b8e	c095b8f5d10762b2a58217ff8d18caef4bb4af08
ceafd34762948858643cb2baa96d5021cca4af98	c7299590a87a7f0d55245120d272eb83bf0ce881
d04ffff81bb6adf9a955f738f8df7869442b6e6c	a97aade96a5d8e9f719480f6292d40cb500e553c
d086270f27ba84383b2798b4e2b75c122c320e74	c43617e928281e946ae61cbf2f5bb764f31ab4fd
d20b138b29662cfd4332363a937a513ffd043ae7	36e71417c0c10e518aeaa89e3da9d21092543aac
d28f557110b3830f4085973b5f43bdd202bf5ca6	64ec1858e55717707baf3d9089cbfc6a474b7ef5
d393c1e163741838961207385d757450c784e1ad	45e32ca2efdc90a94359668283a5f8e3a6c34b56
d3f499b3a10c853d2236ec12de6fcae53c68b685	713abfcd42b24a8fd28d8b1adf7b5973b80e52ae
d4c2c59b4167ca54c07611df2d77e7a7cd6d6b47	1640fea379ca79d1a139c2db81995adea7e6364a
d8140facba7a96d71d9a28b9f95dc2140af1a707	6a85779e9af1f89508f1c215016aef82c6405f02
d8355af127a5e333696e1e92f9bc369ce806433f	31cf408577120c5a69ff8503ebb5b2b0cc99b210
d870a98452434a8227b8d381285092ae40a14364	5cee53fb0ab02e1cd67af9d89e4418b0a74cb4b1
da7a7f784344170446f4768e5ed8a552b08e15a2	2ebc74b367e75f78e8da97c5b45514f2de66aa9b
dac57ec5797e96c30241c7df4723fcd48182deb7	4182b801a9dfd1286785e7a89f457839e2bc96d5
db3a56ebbd7a2b1a411fa64b6f1c81ae7c69d58c	53974054d66027ea9752fc33469aed0a9a5c26fb
de21e1f15735989df5d78f054c7f1ef0cb87da71	434811c0ae34a04e95c9c6992045b04e04a8eadd
de4266841f0099ed0e5d3f481b463ecbdda14440	c5ea61dde39fe3ee156503e315624ec3d97e5c0f
dfb4a58aac25004f7ae27b9ee95558134557bba7	233c5e4ce8477813a2e6900a5810c77f2c614568
e0d3c7d0fefa51e03ad974b6d4f8101878c4580a	d7228abfdf49d4e1cb9241e4b02b7f671b617474
e27541025a407adf4610a846e6ed571b47a8ec2a	0bfaa128800644683cae4d9966a8a376a3f4c27b
e34ae6e66927d0724f1e1b8d8f7017edc28bc83c	074b7fe6cbd1bf4ff0df71c88d4ef7681c42199a
e4d12eeb3bdc4c609e75335cb6521650fe549bf0	c536ce7422442201de0e078e18427fcbad7d7088
e7969727da99f065d92949d5e21c3ebeb69c92fb	b31062f7a49321a483b938f7e172e9ff5ec3b4e0
e86fd34a46961752ba0f09cb73aa8b1c63f814b7	0cadef80545485b97d6cd057a4a4eb0b3545fade
eb858ef8d1d4f3c0c69c683e1ce7e89f3714dcfd	ac667b80796f46a56a10bcb93f2a8b560adf0abb
ef94dd296ce4f1b0b9d46107c64c51590d0efee5	be2addc88ae4ce20dabbada356bba66f0788b696
efa74f2b27f9e0e7d3b41b9ee0c1212e20fbfef5	7696aa5d5f4f87e35c454302d338e813808c9eb1
f0721787aed224f3e51e7ca1b256073818f24b8f	b828b810a3d5abc3e8c12a6738bd8fb5ac14e2c5
f3edc423739689aaa9a2d4d3590c376325f4b901	f38f309cbc5c68ecc5cb9923a16b7df4191c7278
f669b4db9867328b97660465847216c1fb420260	d0fbcd4c4b71189e430e479b6ea8605e134baee0
f7368fab39009b4e8ddd650b32e15127cd418977	2deef18f714ae7efc3f69fc0afed58978221f6c6
f9add0829a742407646b7b732a590774e0307fe2	9d6c278ea95975ea35c3ef03c5a49059cb95b6b7
fda83161fb91c412ce420c00629c1b3d5cb42431	b2dab62747824384141b5c76879e207eabcca95c
fff6caf8ebd5d49349f8117d0ad914e3f7e9980d	4dbf62bf8a3b8835d5fef1eabf2d5f0baaf47992
